iteration,rss,v8heap,goheap
1000,62115840,3097624,378192
2000,63172608,12119516,384008
3000,63016960,5314436,384040
4000,63660032,14446576,384040
5000,63725568,7343760,384056
6000,64319488,16475900,384376
7000,64524288,9626704,384488
8000,65396736,18837580,384488
9000,64929792,11656028,384504
10000,65130496,4854788,384696
11000,66097152,13938972,384696
12000,65830912,6836156,384696
13000,66428928,15968296,384712
14000,66535424,9119100,384712
15000,66785280,18076356,384824
16000,66920448,11155340,390528
17000,67235840,20236560,390640
18000,67878912,13431368,391136
19000,68182016,6314416,391248
20000,68395008,15460692,391360
21000,68550656,8626620,391472
22000,68755456,17568752,391472
23000,68870144,10644924,391584
24000,69124096,19772960,391584
25000,69640192,12923764,391696
26000,69603328,21758280,391696
27000,69963776,14953088,391920
28000,70152192,8137712,392144
29000,70348800,16982412,392256
30000,70860800,10148872,392368
31000,70701056,19265356,392480
32000,70942720,12372156,392592
33000,71155712,21294680,392592
34000,71331840,14445484,393584
35000,71532544,23577624,393584
36000,71524352,16474808,393696
37000,71909376,9658900,393696
38000,72155136,18757752,393920
39000,72388608,11913116,394032
40000,72536064,20787076,394032
41000,72704000,13937880,394032
42000,72896512,23070020,394032
43000,73084928,15967204,394032
44000,73306112,25055340,394032
45000,73351168,18250148,394032
46000,73687040,11172868,394144
47000,74268672,12514816,394144
48000,74256384,5662252,394144
49000,74170368,14717048,394256
50000,74256384,7758208,394256
51000,74317824,16734592,394368
52000,74350592,10052384,394368
53000,74358784,18930904,394480
54000,74358784,12081708,394592
55000,74358784,5241176,394704
56000,74383360,14364652,394704
57000,74379264,7261836,394720
58000,74403840,16393976,394832
59000,74379264,9618500,394944
60000,74354688,18423300,395392
61000,74379264,11516892,395840
62000,74481664,20706244,395952
63000,74473472,13857048,396064
64000,74231808,6754232,396400
65000,74817536,15886372,396512
66000,74637312,9037176,398384
67000,72601600,17915696,398384
68000,74584064,11066500,398608
69000,74612736,20141428,398832
70000,74653696,13038612,399168
71000,74625024,22227964,399392
72000,74813440,15321556,399392
73000,74641408,8545152,399392
74000,74387456,17408092,399392
75000,74633216,10558896,399504
76000,70840320,19691036,399840
77000,74489856,12588220,400400
78000,74399744,21663148,401184
79000,74731520,14813952,401632
80000,74731520,23946092,407656
81000,74723328,16843276,408216
82000,74637312,10051292,408440
83000,74743808,19183432,408776
84000,72441856,12080616,409000
85000,74612736,21155544,409224
86000,74686464,14363560,409448
87000,74711040,23495700,409672
88000,74743808,16392884,409672
89000,74768384,25525024,409896
90000,74698752,18675828,409896
91000,74727424,11573012,410232
92000,74539008,20705152,410232
93000,74833920,13855956,410232
94000,75010048,23061816,410232
95000,75149312,15885280,410344
96000,75419648,25017420,410344
97000,75599872,18168224,410344
98000,75763712,26989532,410456
99000,75943936,20197548,410456
100000,76238848,13422072,410568
