iteration,rss,goheap,peak_rss
1000,50348032,772096,50290688
2000,50855936,772192,51105792
3000,51253248,785944,51179520
4000,51257344,790376,51449856
5000,51404800,792296,51363840
6000,57884672,801512,57982976
7000,58040320,809272,58036224
8000,58224640,811720,58216448
9000,58351616,822648,58322944
10000,58466304,832752,58454016
11000,58609664,826576,58605568
12000,58646528,838576,58621952
13000,58699776,843200,58695680
14000,58716160,840176,58712064
15000,58654720,840168,58646528
16000,58740736,851168,58740736
17000,59142144,848320,59142144
18000,58761216,847920,58761216
19000,58847232,852896,59174912
20000,58859520,851328,58851328
21000,58867712,865920,58830848
22000,58884096,859584,58884096
23000,58920960,857936,58912768
24000,59006976,866224,58986496
25000,59133952,871328,59133952
26000,59039744,854640,59105280
27000,59244544,854056,59211776
28000,59412480,867040,59543552
29000,59256832,870176,59383808
30000,59428864,880016,59625472
31000,59273216,871544,59400192
32000,59256832,875792,59256832
33000,59240448,883040,59228160
34000,59277312,890544,59277312
35000,59326464,879280,59322368
36000,59367424,879104,59363328
37000,59437056,883648,59437056
38000,59076608,870600,59195392
39000,58986496,876608,59699200
40000,59387904,882144,59387904
41000,59236352,880288,59236352
42000,59469824,886368,59469824
43000,59355136,892752,59355136
44000,59392000,882080,59392000
45000,60194816,891968,60162048
46000,61042688,897216,61042688
47000,61079552,878584,61145088
48000,61075456,892976,61075456
49000,61079552,890976,61079552
50000,61067264,886160,61128704
51000,61145088,892416,61140992
52000,61169664,889984,61161472
53000,61104128,884128,61210624
54000,61251584,893184,61247488
55000,61116416,902672,61116416
56000,61272064,892688,61267968
57000,61657088,899312,61644800
58000,61374464,901632,61374464
59000,61374464,892384,61374464
60000,61362176,891360,61386752
61000,61345792,895728,61341696
62000,61517824,877448,61509632
63000,61448192,884184,61448192
64000,61317120,896624,61448192
65000,61464576,898704,61460480
66000,61317120,894624,61280256
67000,61452288,900544,61452288
68000,61382656,887576,61382656
69000,61427712,906080,61423616
70000,61485056,898736,61485056
71000,61485056,893920,61485056
72000,61378560,894496,61358080
73000,61468672,893024,61464576
74000,61444096,881112,61837312
75000,61485056,895584,61472768
76000,61820928,900208,61820928
77000,61542400,895072,62328832
78000,61378560,893936,61468672
79000,61419520,898960,61419520
80000,61485056,894000,61485056
81000,61558784,894160,61526016
82000,61468672,898048,61468672
83000,61603840,893440,61599744
84000,61509632,899840,61509632
85000,61648896,897632,61648896
86000,61534208,892800,61534208
87000,61657088,898272,61657088
88000,61468672,896592,61468672
89000,61534208,893184,61652992
90000,61472768,891768,61599744
91000,61923328,903472,61923328
92000,61964288,891616,61964288
93000,61734912,902880,61734912
94000,61534208,902144,61534208
95000,61566976,882808,61566976
96000,61763584,897792,61763584
97000,61599744,894176,61599744
98000,61571072,890928,61571072
99000,61726720,899248,62054400
100000,61755392,904400,61755392
