iteration,rss,goheap
1000,38514688,776976
2000,39137280,775616
3000,39600128,784672
4000,40472576,792304
5000,40923136,794208
6000,45293568,809992
7000,45895680,819576
8000,46579712,820952
9000,47476736,827528
10000,48095232,836136
11000,48410624,828920
12000,49336320,837336
13000,49618944,845128
14000,49893376,835200
15000,50552832,853160
16000,52293632,863432
17000,52727808,847088
18000,52764672,861384
19000,52932608,866600
20000,53235712,857264
21000,53112832,858784
22000,53075968,865704
23000,53149696,865688
24000,53301248,873144
25000,53329920,878920
26000,53235712,875560
27000,53186560,876408
28000,53252096,884776
29000,53227520,873112
30000,53297152,879848
31000,53952512,884808
32000,53366784,881400
33000,53334016,881528
34000,53653504,886296
35000,54067200,880568
36000,54181888,886936
37000,54255616,890984
38000,54394880,879064
39000,54353920,878664
40000,54177792,884120
41000,54312960,879464
42000,54218752,885752
43000,54272000,882904
44000,54648832,878920
45000,54349824,886952
46000,54558720,886968
47000,54255616,882280
48000,54247424,891224
49000,54489088,897368
50000,54505472,892728
51000,54226944,894456
52000,54661120,901976
53000,54521856,898984
54000,54419456,906712
55000,54435840,904248
56000,54743040,892888
57000,54636544,900184
58000,54632448,905400
59000,54669312,894168
60000,54534144,900536
61000,54554624,905976
62000,54702080,901560
63000,54800384,902808
64000,54702080,908808
65000,54870016,904424
66000,54743040,904232
67000,54849536,908728
68000,54767616,897848
69000,54996992,906808
70000,54837248,911576
71000,55021568,900184
72000,54976512,912240
73000,54915072,916608
74000,54935552,911584
75000,55652352,909664
76000,55054336,906392
77000,54956032,910016
78000,54984704,908296
79000,55107584,920176
80000,55132160,907520
81000,54992896,914816
82000,55050240,918768
83000,55480320,914800
84000,55111680,914400
85000,55123968,918432
86000,55443456,906176
87000,55943168,912832
88000,56385536,917296
89000,56987648,904248
90000,57487360,917072
91000,57171968,921104
92000,57298944,916304
93000,57335808,916576
94000,57466880,921328
95000,57380864,916944
96000,57856000,916288
97000,57315328,920432
98000,57282560,916304
99000,57413632,909520
100000,57167872,918624
